date,category,source_type,source_name,title,url,published_at,views,likes,comments,reactions,summary,trend_keywords,verification_status,notes
2026-05-28,AI 실무,뉴스,한국AI부동산신문,2026 창업 트렌드 AI·무점포·콘텐츠가 이끄는 초저비용 창업 시대,https://www.kairnews.com/news/436192,2026,확인 불가,확인 불가,확인 불가,확인 불가,AI 자동화 도구와 무료 쇼핑몰 솔루션 활용 1인 창업 증가. AI크리에이터 새로운 시장 형성,AI 자동화,1인 창업,콘텐츠 창업,partially_verified,
2026-05-28,AI 실무,블로그,eopla.net,지난 10년간의 AI 창업 트렌드로 읽는 2026년 1인 창업가의 생존 전략,https://eopla.net/magazines/38121,2026,확인 불가,확인 불가,확인 불가,확인 불가,연령과 자본 제약 없어지는 1인 창업 시대. 퇴직자·경력단절 여성 디지털 창업 재도약,1인 창업,AI 시대,생존 전략,partially_verified,
2026-05-28,정부지원사업,공고,창업진흥원·중소벤처기업부,2026년도 예비창업패키지 예비창업자 모집 수정 공고,https://www.bizinfo.go.kr/sii/siia/selectSIIA200Detail.do?pblancId=PBLN_000000000119019,2026-03-06,확인 불가,확인 불가,확인 불가,확인 불가,신청기간 2026.03.06~03.24. 사업자등록 없는 예비창업자 대상. 1단계 2천만원 지원,예비창업패키지,정부지원사업,사업계획서,verified,신청 마감된 공고 — 내용 참고용
2026-05-28,정부지원사업,공고,창업진흥원·중소벤처기업부,2026년도 초기창업패키지(일반형) 창업기업 모집 공고,https://www.bizinfo.go.kr/sii/siia/selectSIIA200Detail.do?pblancId=PBLN_000000000117819,2026-02-13,확인 불가,확인 불가,확인 불가,확인 불가,창업 3년 미만 기업 대상. 최대 1억원 사업화 자금 지원. 2026.02.13 마감,초기창업패키지,정부지원사업,사업계획서,verified,신청 마감된 공고 — 내용 참고용
2026-05-28,AI 실무,블로그,HowtoAI,Claude Code 자동화 5가지 실전 사용기 — 부업·업무 시간 절반 줄인 방법,https://www.how-toai.com/blog/claude-code-automation-5-experience,2026,확인 불가,확인 불가,확인 불가,확인 불가,반복 작업 시간 50% 절감 주장. 월 50달러 비용으로 주간 10시간 이상 절약 주장. 수치 원문 직접 검증 필요,Claude Code,업무 자동화,부업,metric_unavailable,수치 원문 교차 검증 필요
2026-05-28,AI 실무,블로그,Medium,AI와 함께하는 DevOps: Claude Code로 생산성 10배 높이기,https://medium.com/@baramboys0615/ai%EC%99%80-%ED%95%A8%EA%BB%98%ED%95%98%EB%8A%94-devops-claude-code%EB%A1%9C-%EC%83%9D%EC%82%B0%EC%84%B1-10%EB%B0%B0-%EB%86%92%EC%9D%B4%EA%B8%B0-629a2ce68d62,2026,확인 불가,확인 불가,확인 불가,확인 불가,Claude Code를 DevOps 업무에 적용한 개인 사용기. 생산성 10배는 주관적 주장,Claude Code,DevOps,생산성,metric_unavailable,수치 과장 가능성 — 참고용
2026-05-28,AI 실무,뉴스,세컨드샐러리,AI 자동화 부업의 실체와 실전 가이드,https://www.secondsalary.co.kr/news/articleView.html?idxno=169,2026,확인 불가,확인 불가,확인 불가,확인 불가,AI 자동화 부업 시장 진입자 증가로 가격 경쟁 심화. 전문성+AI 조합이 성공 확률 높음,AI 부업,자동화,전문성,partially_verified,
2026-05-28,AI 실무,블로그,boosteraihub,2026년을 준비하는 AI 비즈니스 트렌드,https://boosteraihub.com/entry/ai-business-trends-2026-guide,2026,확인 불가,확인 불가,확인 불가,확인 불가,AI 에이전트 경제 800억 달러 시장 주장. 저진입 비즈니스 300~500만원 시작 가능 주장. 수치 원문 검증 필요,AI 에이전트,비즈니스 트렌드,콘텐츠 수익화,metric_unavailable,수치 원문 검증 필요
2026-05-28,AI 실무,블로그,wikidocs,n8n 노코드 자동화 한글 가이드북,https://wikidocs.net/book/18092,2026,확인 불가,확인 불가,확인 불가,확인 불가,n8n 오픈소스 기반 워크플로우 자동화 도구. 서버 설치 시 무료 운용 가능. 노코드·로우코드 모두 지원,n8n,노코드 자동화,워크플로우,verified,
2026-05-28,AI 실무,블로그,WindyFlo Blog,노코드 AI 워크플로우 빌더 비교 2026 — WindyFlo vs N8N vs Dify,https://blog.windyflo.com/blog/windyflo-vs-n8n-vs-dify/,2026,확인 불가,확인 불가,확인 불가,확인 불가,n8n vs Make vs Dify 비교. 중소기업 대상 선택 가이드. 비용 효율 측면 분석,n8n,Make,Dify,노코드,partially_verified,
